Date,Customer Name,Rating,Category,Comment
2024-05-30,Margaret Smith,4/5,Pricing,Interface could be improved
2024-04-22,James Garcia,1/5,Product Quality,Great experience overall!
2024-10-24,Patricia Wright,2/5,Customer Service,Good value for money
2024-10-20,Barbara Harris,3/5,Delivery,Great experience overall!
2024-06-12,Margaret Martin,5/5,User Experience,Very satisfied with the purchase
2024-12-27,Mary Brown,4/5,Customer Service,Would recommend to others
2024-08-20,Richard Martin,4/5,User Experience,Delivery was slower than expected
2024-07-09,Daniel Taylor,1/5,Delivery,Delivery was slower than expected
2024-05-29,Michelle Clark,2/5,User Experience,Interface could be improved
2024-11-26,Sarah Nguyen,4/5,Delivery,Product exceeded expectations
2024-05-06,Anthony Hill,2/5,Delivery,Great experience overall!
2024-08-25,Nancy Gonzalez,2/5,User Experience,Customer service was very helpful
2024-08-22,Anthony Lee,4/5,User Experience,Interface could be improved
2024-02-09,Michael Robinson,2/5,User Experience,Had some issues but resolved quickly
2024-08-03,Patricia Martin,5/5,Product Quality,Would recommend to others
2024-08-16,Christopher White,3/5,Delivery,Would recommend to others
2024-08-01,Sarah Williams,5/5,Customer Service,Product exceeded expectations
2024-01-30,Anthony Young,1/5,User Experience,Had some issues but resolved quickly
2024-01-23,Michael Garcia,2/5,Delivery,Had some issues but resolved quickly
2024-04-14,Margaret Jackson,5/5,Customer Service,Interface could be improved
2024-12-13,Kimberly Garcia,2/5,Product Quality,Great experience overall!
2024-11-10,Paul Garcia,4/5,Product Quality,Very satisfied with the purchase
2024-04-10,Susan Jackson,5/5,Delivery,Product exceeded expectations
2024-03-17,William Jones,5/5,User Experience,Delivery was slower than expected
2024-12-08,Patricia Lee,5/5,Pricing,Would recommend to others
2024-11-10,Mark Wright,3/5,Customer Service,Great experience overall!
2024-11-27,Elizabeth Davis,4/5,User Experience,Great experience overall!
2024-01-07,Thomas Miller,3/5,Customer Service,Would recommend to others
2024-05-31,Betty Wilson,3/5,User Experience,Delivery was slower than expected
2024-08-03,James Jones,4/5,Pricing,Great experience overall!
2024-07-15,Elizabeth Allen,3/5,Customer Service,Great experience overall!
2024-08-05,Donna Jones,3/5,Customer Service,Great experience overall!
2024-12-01,Joseph White,3/5,Delivery,Excellent quality and fast shipping
2024-12-12,James Flores,5/5,Product Quality,Good value for money
2024-09-08,Mark Wilson,4/5,Product Quality,Good value for money
2024-09-13,Margaret Lopez,3/5,Customer Service,Good value for money
2024-02-13,John Hill,2/5,User Experience,Would recommend to others
2024-09-02,Charles Brown,4/5,Product Quality,Delivery was slower than expected
2024-01-09,Joseph Martinez,2/5,Pricing,Would recommend to others
2024-09-23,James Flores,2/5,Product Quality,Very satisfied with the purchase
2024-09-25,Daniel Anderson,4/5,Delivery,Would recommend to others
2024-11-02,Nancy Gonzalez,2/5,Delivery,Would recommend to others
2024-07-03,Robert Rodriguez,1/5,Pricing,Excellent quality and fast shipping
2024-06-04,Matthew Walker,3/5,User Experience,Customer service was very helpful
2024-01-19,James Walker,4/5,Delivery,Delivery was slower than expected
2024-02-21,Sandra King,5/5,Product Quality,Had some issues but resolved quickly
